<?xml version="1.0" encoding="UTF-8"?>  

<databaseChangeLog  xmlns="http://www.liquibase.org/xml/ns/dbchangelog"  
        xmlns:xsi="http://www.w3.org/2001/XMLSchema-instance"  
        xmlns:ext="http://www.liquibase.org/xml/ns/dbchangelog-ext"  
        xsi:schemaLocation="http://www.liquibase.org/xml/ns/dbchangelog http://www.liquibase.org/xml/ns/dbchangelog/dbchangelog-3.8.xsd
        http://www.liquibase.org/xml/ns/dbchangelog-ext http://www.liquibase.org/xml/ns/dbchangelog/dbchangelog-ext.xsd">  

	<changeSet id="1" author="admin">
		<sql>
			CREATE TABLE user (
				id BIGINT NOT NULL AUTO_INCREMENT,
				name VARCHAR(255) NOT NULL,
				phone BIGINT(20) NOT NULL,
				email VARCHAR(255) NOT NULL,
				role VARCHAR(255) NOT NULL,
				password VARCHAR(255) NOT NULL,
				confirmPassword VARCHAR(255) NULL,
				CONSTRAINT PK_id PRIMARY KEY(id)
				
			);
		</sql>
		<rollback>
			DROP table user;
		</rollback>
	</changeSet>
	
	<changeSet id="2" author="admin">
		<sql>
			CREATE TABLE course (
				id BIGINT NOT NULL AUTO_INCREMENT,
				name VARCHAR(255) NOT NULL,
				price DOUBLE,
            	explanation VARCHAR(1000),
				CONSTRAINT PK_id PRIMARY KEY(id)
				
			);
		</sql>
		<rollback>
			DROP table course;
		</rollback>
	</changeSet>
	
	<changeSet id="3" author="admin">
		<sql>
			INSERT INTO course(name, price, explanation) values("Java", 200, "Course Java Description");
			INSERT INTO course(name, price, explanation) values("Ruby", 250, "Course Ruby Description");
			INSERT INTO course(name, price, explanation) values("MySQL", 300, "Course MySQL Description");
			INSERT INTO course(name, price, explanation) values("Angular", 600, "Course Angular Description");
			INSERT INTO course(name, price, explanation) values("JavaScript", 300, "Course JavaScript Description");
			INSERT INTO course(name, price, explanation) values("NodeJS", 200, "Course NodeJS Description");
			INSERT INTO course(name, price, explanation) values("VenillaJS", 100, "Course VenillaJS Description");
			INSERT INTO course(name, price, explanation) values("HTML", 150, "Course HTML Description");
			INSERT INTO course(name, price, explanation) values("CSS", 100, "Course CSS Description");
		</sql>
		<rollback>
			TRUNCATE table course;
		</rollback>		
	</changeSet>
	
	<changeSet id="4" author="admin">
        <sql>
            CREATE TABLE transaction(
            id BIGINT NOT NULL AUTO_INCREMENT,
            course_id BIGINT NOT NULL,
            user_id BIGINT NOT NULL,
            purchase_date DATETIME NOT NULL,
            CONSTRAINT PK_id PRIMARY KEY (id),
            CONSTRAINT fk_tran_course FOREIGN KEY (course_id) REFERENCES course(id) ON DELETE CASCADE ON UPDATE
            CASCADE,
            CONSTRAINT fk_tran_user FOREIGN KEY (user_id) REFERENCES user(id) ON DELETE CASCADE ON UPDATE
            CASCADE
            );
        </sql>
        <rollback>
            DROP TABLE transaction;
        </rollback>
    </changeSet>

</databaseChangeLog>





